ts_utc,sport,match_name,match_date,pm_format,ks_format,pm_yes_team,ks_yes_team,pm_bid,pm_ask,pm_bid_sz,pm_ask_sz,ks_bid,ks_ask,ks_bid_sz,ks_ask_sz,net_edge,best_leg,gross_cost,pm_event_slug,pm_market_id,pm_token_id,ks_event_ticker,ks_market_ticker
2026-06-15T06:57:57.001714+00:00,cs2,Counter-Strike: 100 Thieves vs Betclic Apogee Esports (BO3) - NODWIN Clutch Series Playoffs,2026-06-15,BO3,,Betclic Apogee Esports,Apogee Esports,0.18,0.2,20.0,5.0,0.16,0.19,1000.0,442.02,-0.025201,PM_NO_KS_YES,1.01,cs2-100t-bca-2026-06-15,2535176,104467570894593132395011584111913615878950348377073974456376042773823852944567,KXCS2GAME-26JUN150700APOGEE100T,KXCS2GAME-26JUN150700APOGEE100T-APOGEE
2026-06-15T06:57:57.001714+00:00,cs2,Counter-Strike: 100 Thieves vs Betclic Apogee Esports (BO3) - NODWIN Clutch Series Playoffs,2026-06-15,BO3,,100 Thieves,100 Thieves,0.8,0.82,5.0,20.0,0.81,0.85,82.0,231.0,-0.025201,PM_YES_KS_NO,1.01,cs2-100t-bca-2026-06-15,2535176,28434944425960014724096713165993341846483040355635859188293310652565751517920,KXCS2GAME-26JUN150700APOGEE100T,KXCS2GAME-26JUN150700APOGEE100T-100T
2026-06-15T06:57:57.001714+00:00,cs2,Counter-Strike: 9z vs TheMongolz (BO3) - IEM Cologne Major Stage 3,2026-06-15,BO3,,TheMongolz,The Mongolz,0.6,0.61,139990.57,30905.46,0.62,0.63,1311.51,50448.39,-0.013629,PM_YES_KS_NO,0.99,cs2-9z-mglz-2026-06-15,2546581,82558265716471685854287854848227060273393743082056758580272114827314775013807,KXCS2GAME-26JUN150800MGLZ9Z,KXCS2GAME-26JUN150800MGLZ9Z-MGLZ
2026-06-15T06:57:57.001714+00:00,cs2,Counter-Strike: 9z vs TheMongolz (BO3) - IEM Cologne Major Stage 3,2026-06-15,BO3,,9z,9z,0.39,0.4,30905.46,139990.57,0.39,0.4,5740.59,32784.37,-0.033853,PM_YES_KS_NO,1.01,cs2-9z-mglz-2026-06-15,2546581,69953109909904806333579047140882184213663344791015310802553495153163184720490,KXCS2GAME-26JUN150800MGLZ9Z,KXCS2GAME-26JUN150800MGLZ9Z-9Z
2026-06-15T06:57:57.001714+00:00,cs2,Counter-Strike: Bebop vs RUSTEC (BO3) - CCT Europe Series #4 Group Stage,2026-06-15,BO3,,RUSTEC,RUSTEC,0.48,0.49,2091.34,383.34,0.46,0.48,176.77,170.36,-0.02496,PM_NO_KS_YES,1.0,cs2-bbp-rust-2026-06-15,2546436,104945307155815882057158071488473791505646038531321658715299810139374410852857,KXCS2GAME-26JUN150700RUSTBBP,KXCS2GAME-26JUN150700RUSTBBP-RUST
2026-06-15T06:57:57.001714+00:00,cs2,Counter-Strike: Bebop vs RUSTEC (BO3) - CCT Europe Series #4 Group Stage,2026-06-15,BO3,,Bebop,Bebop,0.51,0.52,383.34,2091.34,0.51,0.54,111.03,225.15,-0.034981,PM_YES_KS_NO,1.01,cs2-bbp-rust-2026-06-15,2546436,49890304154957117605722662409207909127347634930166759514497300600036418836446,KXCS2GAME-26JUN150700RUSTBBP,KXCS2GAME-26JUN150700RUSTBBP-BBP
2026-06-15T06:57:57.001714+00:00,cs2,Counter-Strike: BetBoom Team vs FUT Esports (BO3) - IEM Cologne Major Stage 3,2026-06-15,BO3,,FUT Esports,FUT Esports,0.55,0.56,87672.45,26628.24,0.56,0.57,1541.89,14015.67,-0.02464,PM_YES_KS_NO,1.0,cs2-bb3-fut-2026-06-15,2546592,95184095757909673099206080172926338796843754468499607769514119750768702996213,KXCS2GAME-26JUN151030FUTBET,KXCS2GAME-26JUN151030FUTBET-FUT
2026-06-15T06:57:57.001714+00:00,cs2,Counter-Strike: BetBoom Team vs FUT Esports (BO3) - IEM Cologne Major Stage 3,2026-06-15,BO3,,BetBoom Team,BetBoom,0.44,0.45,26628.24,87672.45,0.43,0.44,3162.53,12281.78,-0.02464,PM_NO_KS_YES,1.0,cs2-bb3-fut-2026-06-15,2546592,80853629500268012059927122982466495475165493396816223336837442143724516040782,KXCS2GAME-26JUN151030FUTBET,KXCS2GAME-26JUN151030FUTBET-BET
2026-06-15T06:57:57.001714+00:00,cs2,Counter-Strike: Team Nemesis vs CYBERSHOKE Esports (BO3) - NODWIN Clutch Series Playoffs,2026-06-15,BO3,,Team Nemesis,Team Nemesis,0.61,0.62,217.32,523.9,0.63,0.64,8.0,222.0,-0.013385,PM_YES_KS_NO,0.99,cs2-nem-cs1-2026-06-15,2535181,111733831775404175973666011629993422686254038975443135928060666093904648445690,KXCS2GAME-26JUN151000CSNEM,KXCS2GAME-26JUN151000CSNEM-NEM
2026-06-15T06:57:57.001714+00:00,cs2,Counter-Strike: Team Nemesis vs CYBERSHOKE Esports (BO3) - NODWIN Clutch Series Playoffs,2026-06-15,BO3,,CYBERSHOKE Esports,CYBERSHOKE Esports,0.38,0.39,523.9,217.32,0.36,0.38,133.0,530.68,-0.02356,PM_NO_KS_YES,1.0,cs2-nem-cs1-2026-06-15,2535181,37185201196027054226724071695987226091113074749529345931868333129640756740213,KXCS2GAME-26JUN151000CSNEM,KXCS2GAME-26JUN151000CSNEM-CS
2026-06-15T06:57:57.001714+00:00,cs2,Counter-Strike: Millennium Esports vs Coalesce (BO3) - United21 Group A,2026-06-15,BO3,,Millennium Esports,Millennium Esports,0.67,0.76,47.0,125.67,0.29,0.82,193.0,8.0,-0.166965,PM_NO_KS_YES,1.15,cs2-mil-cls1-2026-06-15,2548652,60628471858514158753304901082819162030570736555799284242273766877211611608813,KXCS2GAME-26JUN150400CLSMIL,KXCS2GAME-26JUN150400CLSMIL-MIL
2026-06-15T06:57:57.001714+00:00,cs2,Counter-Strike: Millennium Esports vs Coalesce (BO3) - United21 Group A,2026-06-15,BO3,,Coalesce,Coalesce,0.24,0.33,125.67,47.0,0.22,0.64,8.0,185.0,-0.128645,PM_YES_KS_NO,1.11,cs2-mil-cls1-2026-06-15,2548652,102310718385053014518599766288647640594854184383640040446858473053795841200580,KXCS2GAME-26JUN150400CLSMIL,KXCS2GAME-26JUN150400CLSMIL-CLS
2026-06-15T06:57:57.001714+00:00,cs2,Counter-Strike: Rooster vs DXA Esports (BO3) - Dfrag Open Series #5 Playoffs,2026-06-15,BO3,,Rooster,Rooster,0.76,0.78,11.58,80.0,0.77,0.81,11.0,1.06,-0.027545,PM_YES_KS_NO,1.01,cs2-rstr-dxa-2026-06-15,2528945,60681902231371845478152295996920917711204195102833364797152278270448795439669,KXCS2GAME-26JUN150430DXARSTR,KXCS2GAME-26JUN150430DXARSTR-RSTR
2026-06-15T06:57:57.001714+00:00,cs2,Counter-Strike: Rooster vs DXA Esports (BO3) - Dfrag Open Series #5 Playoffs,2026-06-15,BO3,,DXA Esports,DXA Esports,0.22,0.24,80.0,11.58,0.2,0.25,100.0,260.0,-0.048273,PM_NO_KS_YES,1.03,cs2-rstr-dxa-2026-06-15,2528945,89742651867387111377720705538938135444067096984768826025706540553267757526184,KXCS2GAME-26JUN150430DXARSTR,KXCS2GAME-26JUN150430DXARSTR-DXA
2026-06-15T06:57:57.001714+00:00,cs2,Counter-Strike: SPARTA vs G2 Ares (BO3) - CCT Europe Series #4 Group Stage,2026-06-15,BO3,,SPARTA,SPARTA,0.57,0.58,600.0,4.26,0.57,0.59,360.0,360.0,-0.034465,PM_YES_KS_NO,1.01,cs2-sparta-g2a-2026-06-15,2546444,32995742231528110131196526539811398066306924706221965369069255620707646848577,KXCS2GAME-26JUN151300G2ASPARTA,KXCS2GAME-26JUN151300G2ASPARTA-SPARTA
2026-06-15T06:57:57.001714+00:00,cs2,Counter-Strike: SPARTA vs G2 Ares (BO3) - CCT Europe Series #4 Group Stage,2026-06-15,BO3,,G2 Ares,G2 Ares,0.42,0.43,4.26,600.0,0.4,0.44,113.0,1500.0,-0.044556,PM_NO_KS_YES,1.02,cs2-sparta-g2a-2026-06-15,2546444,93206882478094693983457950787777166912745041037829432909697901952339482580987,KXCS2GAME-26JUN151300G2ASPARTA,KXCS2GAME-26JUN151300G2ASPARTA-G2A
2026-06-15T06:57:57.001714+00:00,cs2,Counter-Strike: Walczaki vs G2 Ares (BO3) - European Pro League Series 7 Playoffs,2026-06-15,BO3,,Walczaki,Walczaki,0.66,0.69,35.0,9.14,0.68,0.71,91.0,698.0,-0.031649,PM_YES_KS_NO,1.01,cs2-wal2-g2a-2026-06-15,2535902,32621953063752963703887828911233890851225055390536172967488423941069631445209,KXCS2GAME-26JUN150630G2AWAL,KXCS2GAME-26JUN150630G2AWAL-WAL
2026-06-15T06:57:57.001714+00:00,cs2,Counter-Strike: Walczaki vs G2 Ares (BO3) - European Pro League Series 7 Playoffs,2026-06-15,BO3,,G2 Ares,G2 Ares,0.31,0.34,9.14,35.0,0.28,0.32,1326.0,57.0,-0.031649,PM_NO_KS_YES,1.01,cs2-wal2-g2a-2026-06-15,2535902,114857888183809331666221944897548081895276333308447151331637613080041726110758,KXCS2GAME-26JUN150630G2AWAL,KXCS2GAME-26JUN150630G2AWAL-G2A
2026-06-15T06:57:57.001714+00:00,cs2,Counter-Strike: Natus Vincere vs G2 (BO3) - IEM Cologne Major Stage 3,2026-06-15,BO3,,Natus Vincere,Natus Vincere,0.64,0.65,44233.46,289226.91,0.64,0.65,1258.94,38607.59,-0.032837,PM_NO_KS_YES,1.01,cs2-navi-g2-2026-06-15,2546603,69857762338716338781373452659618279375700428676175221410746971597428034052844,KXCS2GAME-26JUN151300G2NAVI,KXCS2GAME-26JUN151300G2NAVI-NAVI
2026-06-15T06:57:57.001714+00:00,cs2,Counter-Strike: Natus Vincere vs G2 (BO3) - IEM Cologne Major Stage 3,2026-06-15,BO3,,G2,G2,0.35,0.36,289226.91,44233.46,0.36,0.37,1912.05,29460.14,-0.02304,PM_YES_KS_NO,1.0,cs2-navi-g2-2026-06-15,2546603,14485560553205781412203655354783885655760920095378322625076388751868386208506,KXCS2GAME-26JUN151300G2NAVI,KXCS2GAME-26JUN151300G2NAVI-G2
2026-06-15T06:57:57.001714+00:00,cs2,Counter-Strike: Ground Zero vs MARKandLARRY (BO3) - Dfrag Open Series #5 Playoffs,2026-06-15,BO3,,MARKandLARRY,MARKandLARRY,0.07,0.08,5005.41,5.43,0.1,0.15,149.66,111.0,0.011492,PM_YES_KS_NO,0.98,cs2-gz1-mandl-2026-06-15,2528953,104596956099527791201855107318564379881028054737429886574463101432610404548229,KXCS2GAME-26JUN150430MANDLGRO,KXCS2GAME-26JUN150430MANDLGRO-MANDL
2026-06-15T06:57:57.001714+00:00,cs2,Counter-Strike: Ground Zero vs MARKandLARRY (BO3) - Dfrag Open Series #5 Playoffs,2026-06-15,BO3,,Ground Zero,Ground Zero,0.92,0.93,5.43,5005.41,0.85,0.9,56.0,55.55,0.011492,PM_NO_KS_YES,0.98,cs2-gz1-mandl-2026-06-15,2528953,81383373841070925882408847195289369127208919177888299414552742642605045712387,KXCS2GAME-26JUN150430MANDLGRO,KXCS2GAME-26JUN150430MANDLGRO-GRO
2026-06-15T06:57:57.001714+00:00,cs2,Counter-Strike: ReThink vs Wingman (BO3) - ESEA Advanced Europe Playoffs,2026-06-15,BO3,,Wingman,Wingman,0.54,0.56,9.27,5.0,0.5,0.74,10.0,87.0,-0.084892,PM_YES_KS_NO,1.06,cs2-rt1-wing-2026-06-15,2525645,69618987758369736167492166943725992179816319094309827686907912180837928898645,KXCS2GAME-26JUN151330WINGRT,KXCS2GAME-26JUN151330WINGRT-WING
2026-06-15T06:57:57.001714+00:00,cs2,Counter-Strike: ReThink vs Wingman (BO3) - ESEA Advanced Europe Playoffs,2026-06-15,BO3,,ReThink,ReThink,0.44,0.46,5.0,9.27,0.26,0.51,78.0,400.0,-0.094885,PM_NO_KS_YES,1.07,cs2-rt1-wing-2026-06-15,2525645,20210647155323624663735142429947239166574669219861579105133750096816257199625,KXCS2GAME-26JUN151330WINGRT,KXCS2GAME-26JUN151330WINGRT-RT
2026-06-15T06:57:57.001714+00:00,cs2,Counter-Strike: TDK vs Young Ninjas (BO3) - European Pro League Series 7 Playoffs,2026-06-15,BO3,,Young Ninjas,Young Ninjas,0.18,0.2,35.69,100.23,0.17,0.21,1621.0,115.98,-0.044677,PM_YES_KS_NO,1.03,cs2-tdk-yn-2026-06-15,2535891,103776374458286111052369584503075144238126463649957110274247233858438164129240,KXCS2GAME-26JUN150400YNTDK,KXCS2GAME-26JUN150400YNTDK-YN
2026-06-15T06:57:57.001714+00:00,cs2,Counter-Strike: TDK vs Young Ninjas (BO3) - European Pro League Series 7 Playoffs,2026-06-15,BO3,,TDK,TDK,0.8,0.82,100.23,35.69,0.8,0.83,77.0,89.0,-0.035628,PM_YES_KS_NO,1.02,cs2-tdk-yn-2026-06-15,2535891,62468026825236913862103795157298503458827370010670734614044012273954941880449,KXCS2GAME-26JUN150400YNTDK,KXCS2GAME-26JUN150400YNTDK-TDK
2026-06-15T06:57:57.001714+00:00,cs2,Counter-Strike: Infinite vs ex-RUBY (BO3) - NODWIN Clutch Series Playoffs,2026-06-15,BO3,,Infinite,Infinite,0.34,0.37,10.0,27.72,0.33,0.36,119.0,111.0,-0.04286,PM_NO_KS_YES,1.02,cs2-inf6-ruby1-2026-06-15,2535192,38062262184324359121491672812748723762623276156150953134856254637378665306993,KXCS2GAME-26JUN151300EXRINF,KXCS2GAME-26JUN151300EXRINF-INF
2026-06-15T06:57:57.001714+00:00,cs2,Counter-Strike: Infinite vs ex-RUBY (BO3) - NODWIN Clutch Series Playoffs,2026-06-15,BO3,,ex-RUBY,ex-RUBY,0.63,0.66,27.72,10.0,0.63,0.67,186.0,154.69,-0.053049,PM_YES_KS_NO,1.03,cs2-inf6-ruby1-2026-06-15,2535192,50343789853501647917283959909956321146943191058357175826302142592078814661793,KXCS2GAME-26JUN151300EXRINF,KXCS2GAME-26JUN151300EXRINF-EXR
2026-06-15T06:57:57.001714+00:00,lol,LoL: Solary vs Galions (BO5) - EMEA Masters Playoffs,2026-06-15,BO5,,Solary,Solary,0.68,0.69,725.61,42546.1,0.7,0.71,28.0,153.0,-0.011117,PM_YES_KS_NO,0.99,lol-sly-gal-2026-06-15,2545409,26312011371809916105836455052544927818095924824117054079495861287749010750798,KXLOLGAME-26JUN151100GALSLY,KXLOLGAME-26JUN151100GALSLY-SLY
2026-06-15T06:57:57.001714+00:00,lol,LoL: Solary vs Galions (BO5) - EMEA Masters Playoffs,2026-06-15,BO5,,Galions,Galions,0.31,0.32,42546.1,725.61,0.27,0.3,36973.0,656.0,-0.011117,PM_NO_KS_YES,0.99,lol-sly-gal-2026-06-15,2545409,88777624476389644590555925241241843828735398739997599807129046213194296193695,KXLOLGAME-26JUN151100GALSLY,KXLOLGAME-26JUN151100GALSLY-GAL
2026-06-15T06:57:57.001714+00:00,lol,LoL: Top Esports Challenger vs KT Rolster Challengers (BO3) - Asia Masters Last Chance Qualifier,2026-06-15,BO3,,Top Esports Challenger,Top Esports Challenger,0.07,0.1,283.04,2672.9,0.07,0.09,1.0,819.78,-0.027686,PM_NO_KS_YES,1.02,lol-tesc-ktc-2026-06-15,2530968,68171073475081863990709656579174942637707347837520812583885660291666014573824,KXLOLGAME-26JUN150400KTCTESC,KXLOLGAME-26JUN150400KTCTESC-TESC
2026-06-15T06:57:57.001714+00:00,lol,LoL: Top Esports Challenger vs KT Rolster Challengers (BO3) - Asia Masters Last Chance Qualifier,2026-06-15,BO3,,KT Rolster Challengers,KT Rolster Challengers,0.9,0.93,2672.9,283.04,0.92,0.94,903.0,1.0,-0.017105,PM_YES_KS_NO,1.01,lol-tesc-ktc-2026-06-15,2530968,65971903746982451492929849834438876363831654381286225981408469521059098765112,KXLOLGAME-26JUN150400KTCTESC,KXLOLGAME-26JUN150400KTCTESC-KTC
2026-06-15T06:57:57.001714+00:00,lol,LoL: KT Rolster Challengers vs Saigon Warriors (BO3) - Asia Masters Last Chance Qualifier,2026-06-15,BO3,,Saigon Warriors,Saigon Warriors,0.013,0.014,5.0,77.08,0.02,0.03,35.0,18.0,0.004214,PM_YES_KS_NO,0.994,lol-ktc-sgw-2026-06-15,2530931,75479662391953600418140864262340137925166707999031685723899556692332625510022,KXLOLGAME-26JUN150200SGWKTC,KXLOLGAME-26JUN150200SGWKTC-SGW
2026-06-15T06:57:57.001714+00:00,lol,LoL: KT Rolster Challengers vs Saigon Warriors (BO3) - Asia Masters Last Chance Qualifier,2026-06-15,BO3,,KT Rolster Challengers,KT Rolster Challengers,0.986,0.987,77.08,5.0,0.97,0.98,18.0,5.0,0.004214,PM_NO_KS_YES,0.994,lol-ktc-sgw-2026-06-15,2530931,18878171290411431340369523327116896383561493503184159646061386126133437465669,KXLOLGAME-26JUN150200SGWKTC,KXLOLGAME-26JUN150200SGWKTC-KTC
2026-06-15T06:57:57.001714+00:00,lol,LoL: Saigon Warriors vs Top Esports Challenger (BO3) - Asia Masters Last Chance Qualifier,2026-06-15,BO3,,Top Esports Challenger,Top Esports Challenger,0.58,0.6,86.8,1991.24,0.59,0.62,183.64,21.0,-0.034133,PM_YES_KS_NO,1.01,lol-sgw-tesc-2026-06-15,2530999,61586263780801843035388979134297975574188244735141548094924335582366910471694,KXLOLGAME-26JUN150600TESCSGW,KXLOLGAME-26JUN150600TESCSGW-TESC
2026-06-15T06:57:57.001714+00:00,lol,LoL: Saigon Warriors vs Top Esports Challenger (BO3) - Asia Masters Last Chance Qualifier,2026-06-15,BO3,,Saigon Warriors,Saigon Warriors,0.4,0.42,1991.24,86.8,0.36,0.43,238.88,113.0,-0.054357,PM_NO_KS_YES,1.03,lol-sgw-tesc-2026-06-15,2530999,33760081671692488895316892926664193059166930612545578661785759949853994190829,KXLOLGAME-26JUN150600TESCSGW,KXLOLGAME-26JUN150600TESCSGW-SGW
2026-06-15T06:57:57.001714+00:00,valorant,Valorant: XLG Gaming vs EDward Gaming (BO3) - VCT Masters London Playoffs,2026-06-15,BO3,,XLG Gaming,XLG Gaming,0.42,0.43,1144.39,1678.65,0.42,0.43,773.02,5893.22,-0.034405,PM_YES_KS_NO,1.01,val-xlg-edg1-2026-06-15,2535360,15794761495501589004854293084569956763257502599396397684022887795552650805606,KXVALORANTGAME-26JUN151000XLGEDG,KXVALORANTGAME-26JUN151000XLGEDG-XLG
2026-06-15T06:57:57.001714+00:00,valorant,Valorant: XLG Gaming vs EDward Gaming (BO3) - VCT Masters London Playoffs,2026-06-15,BO3,,EDward Gaming,EDward Gaming,0.57,0.58,1678.65,1144.39,0.59,0.6,10478.71,2773.6,-0.014241,PM_YES_KS_NO,0.99,val-xlg-edg1-2026-06-15,2535360,16030453011560190180805881177595735290587164956106447124019591649988660217282,KXVALORANTGAME-26JUN151000XLGEDG,KXVALORANTGAME-26JUN151000XLGEDG-EDG
2026-06-15T06:57:57.001714+00:00,valorant,Valorant: Paper Rex vs Team Vitality (BO3) - VCT Masters London Playoffs,2026-06-15,BO3,,Team Vitality,Team Vitality,0.36,0.37,5390.76,17151.81,0.36,0.37,150.0,6452.03,-0.033121,PM_YES_KS_NO,1.01,val-pr1-vit-2026-06-15,2522409,79587056499487887794914917219693699781257794004111090408566993084729159747677,KXVALORANTGAME-26JUN151300VITPR,KXVALORANTGAME-26JUN151300VITPR-VIT
2026-06-15T06:57:57.001714+00:00,valorant,Valorant: Paper Rex vs Team Vitality (BO3) - VCT Masters London Playoffs,2026-06-15,BO3,,Paper Rex,Paper Rex,0.63,0.64,17151.81,5390.76,0.63,0.64,1178.0,196.96,-0.033121,PM_NO_KS_YES,1.01,val-pr1-vit-2026-06-15,2522409,47018563047371503645515014320052359783411051192657327874867390480570369197631,KXVALORANTGAME-26JUN151300VITPR,KXVALORANTGAME-26JUN151300VITPR-PR
2026-06-15T06:57:57.001714+00:00,cs2,Counter-Strike: ALKA vs ODDIK Academy (BO1) - Gamers Club Liga Série A June Group D,2026-06-16,BO1,,ODDIK Academy,ODDIK Academy,0.21,0.5,44.56,40.0,0.04,0.45,44.0,44.0,-0.262302,PM_NO_KS_YES,1.24,cs2-alkaa-odka-2026-06-16,2548677,19629771389257877453143123571440239644140720086903961066947181238830381526199,KXCS2GAME-26JUN161600ODDALKAA,KXCS2GAME-26JUN161600ODDALKAA-ODD
2026-06-15T06:57:57.001714+00:00,cs2,Counter-Strike: ALKA vs ODDIK Academy (BO1) - Gamers Club Liga Série A June Group D,2026-06-16,BO1,,ALKA,ALKA,0.5,0.79,40.0,44.56,0.56,0.95,24.0,10.0,-0.252225,PM_YES_KS_NO,1.23,cs2-alkaa-odka-2026-06-16,2548677,87464137081673862180576789863434550943306275511244586775107218904686281002803,KXCS2GAME-26JUN161600ODDALKAA,KXCS2GAME-26JUN161600ODDALKAA-ALKAA
2026-06-15T06:57:57.001714+00:00,cs2,Counter-Strike: Esport Academy Copenhagen vs KOLESIE (BO3) - European Pro League Series 7 Playoffs,2026-06-16,BO3,,KOLESIE,KOLESIE,0.59,0.65,28.92,143.07,0.04,0.66,501.0,1304.0,-0.092965,PM_NO_KS_YES,1.07,cs2-eac-kol-2026-06-16,2535924,8696417548448111986685645267883594363907029301210232482448537777320525692124,KXCS2GAME-26JUN160630KOLEAC,KXCS2GAME-26JUN160630KOLEAC-KOL
2026-06-15T06:57:57.001714+00:00,cs2,Counter-Strike: Esport Academy Copenhagen vs KOLESIE (BO3) - European Pro League Series 7 Playoffs,2026-06-16,BO3,,Esport Academy Copenhagen,Esport Academy Copenhagen,0.35,0.41,143.07,28.92,0.21,0.41,504.0,88.0,-0.083758,PM_NO_KS_YES,1.06,cs2-eac-kol-2026-06-16,2535924,102894238698074714138454063381424609262528055387570312115198436948889164811844,KXCS2GAME-26JUN160630KOLEAC,KXCS2GAME-26JUN160630KOLEAC-EAC
2026-06-15T06:57:57.001714+00:00,cs2,Counter-Strike: KOLESIE vs GenOne (BO3) - CCT Europe Series #4 Group Stage,2026-06-16,BO3,,KOLESIE,KOLESIE,0.55,0.56,3.53,41.63,0.55,0.59,75.0,1500.0,-0.034717,PM_YES_KS_NO,1.01,cs2-kol-g1-2026-06-16,2548671,8879060840327795554613271673103433129109011034788759662555202582875289544408,KXCS2GAME-26JUN161300G1KOL,KXCS2GAME-26JUN161300G1KOL-KOL
2026-06-15T06:57:57.001714+00:00,cs2,Counter-Strike: KOLESIE vs GenOne (BO3) - CCT Europe Series #4 Group Stage,2026-06-16,BO3,,GenOne,GenOne,0.44,0.45,41.63,3.53,0.44,0.45,19.0,87.0,-0.034673,PM_YES_KS_NO,1.01,cs2-kol-g1-2026-06-16,2548671,27493686447803311723167853242979950447679513763050430710235270896380568295607,KXCS2GAME-26JUN161300G1KOL,KXCS2GAME-26JUN161300G1KOL-G1
2026-06-15T06:57:57.001714+00:00,cs2,Counter-Strike: Sashi Esport vs HyperSpirit (BO3) - European Pro League Series 7 Playoffs,2026-06-16,BO3,,Sashi Esport,Sashi Esport,0.72,0.73,6.94,10.0,0.71,0.73,1.0,400.0,-0.029845,PM_NO_KS_YES,1.01,cs2-sashi-hs2-2026-06-16,2535913,58025661723307757716411142194364529156349023925454805284426980745015281010263,KXCS2GAME-26JUN160400HSSASHI,KXCS2GAME-26JUN160400HSSASHI-SASHI
2026-06-15T06:57:57.001714+00:00,cs2,Counter-Strike: Sashi Esport vs HyperSpirit (BO3) - European Pro League Series 7 Playoffs,2026-06-16,BO3,,HyperSpirit,HyperSpirit,0.27,0.28,10.0,6.94,0.3,0.31,3.0,1611.85,-0.000748,PM_YES_KS_NO,0.98,cs2-sashi-hs2-2026-06-16,2535913,49669843367707279126555010478680780475060251481457227521618410474657447731698,KXCS2GAME-26JUN160400HSSASHI,KXCS2GAME-26JUN160400HSSASHI-HS
2026-06-15T06:57:57.001714+00:00,cs2,Counter-Strike: illwill vs ex-RUBY (BO3) - CCT Europe Series #4 Group Stage,2026-06-16,BO3,,illwill,illwill,0.43,0.45,300.0,42.09,0.47,0.48,75.0,1575.0,-0.004862,PM_YES_KS_NO,0.98,cs2-ill-ruby1-2026-06-16,2548663,9393987539594903539946332107969407347218430470615250730782420901183962507049,KXCS2GAME-26JUN160700EXRILL,KXCS2GAME-26JUN160700EXRILL-ILL
2026-06-15T06:57:57.001714+00:00,cs2,Counter-Strike: illwill vs ex-RUBY (BO3) - CCT Europe Series #4 Group Stage,2026-06-16,BO3,,ex-RUBY,ex-RUBY,0.55,0.57,42.09,300.0,0.51,0.53,7.0,198.0,-0.004862,PM_NO_KS_YES,0.98,cs2-ill-ruby1-2026-06-16,2548663,89542782294193028819187112671787849540423460981969130369156750989062712537060,KXCS2GAME-26JUN160700EXRILL,KXCS2GAME-26JUN160700EXRILL-EXR
2026-06-15T06:57:57.001714+00:00,cs2,Counter-Strike: SPARTA vs INOX Division (BO3) - European Pro League Series 7 Playoffs,2026-06-17,BO3,,SPARTA,SPARTA,0.4,0.44,19.78,10.0,0.38,0.56,400.0,190.0,-0.083884,PM_YES_KS_NO,1.06,cs2-sparta-inox-2026-06-17,2535932,85005587921379857186927978596025087650861476474225924017408367510047231752729,KXCS2GAME-26JUN170630INOXSPARTA,KXCS2GAME-26JUN170630INOXSPARTA-SPARTA
2026-06-15T06:57:57.001714+00:00,cs2,Counter-Strike: SPARTA vs INOX Division (BO3) - European Pro League Series 7 Playoffs,2026-06-17,BO3,,INOX Division,INOX Division,0.56,0.6,10.0,19.78,0.44,0.54,50.0,212.0,-0.00478,PM_NO_KS_YES,0.98,cs2-sparta-inox-2026-06-17,2535932,41601124693144019309466558280192009130660398366463128597365209142801964584453,KXCS2GAME-26JUN170630INOXSPARTA,KXCS2GAME-26JUN170630INOXSPARTA-INOX
2026-06-15T06:57:57.001714+00:00,valorant,Valorant: Alliance Guardians vs Pigeons (BO3) - VCL North America: Stage 3 Group Stage,2026-06-17,BO3,,Pigeons,Pigeons,0.5,0.62,5010.0,49.64,0.53,0.57,1000.0,1000.0,-0.094657,PM_NO_KS_YES,1.07,val-ag2-pgs-2026-06-17,2542448,108628501395182177577375430846367362213816264386285947635489713882904462115834,KXVALORANTGAME-26JUN171600PGSAG,KXVALORANTGAME-26JUN171600PGSAG-PGS
2026-06-15T06:57:57.001714+00:00,valorant,Valorant: Alliance Guardians vs Pigeons (BO3) - VCL North America: Stage 3 Group Stage,2026-06-17,BO3,,Alliance Guardians,Alliance Guardians,0.38,0.5,49.64,5010.0,0.44,0.49,67.0,400.0,-0.084748,PM_YES_KS_NO,1.06,val-ag2-pgs-2026-06-17,2542448,67366251315756137137352925841837683726523973873382131846217921973777810083954,KXVALORANTGAME-26JUN171600PGSAG,KXVALORANTGAME-26JUN171600PGSAG-AG
2026-06-15T06:57:57.001714+00:00,valorant,Valorant: Division One vs Team Evictix (BO3) - VCL North America: Stage 3 Group Stage,2026-06-17,BO3,,Team Evictix,Team Evictix,0.43,0.48,10.51,97.91,0.46,0.48,1201.0,12.0,-0.044876,PM_YES_KS_NO,1.02,val-d1-evi-2026-06-17,2532913,112064007051959028306960257567554136098085953628318789847135851168292179799242,KXVALORANTGAME-26JUN171600EVID1,KXVALORANTGAME-26JUN171600EVID1-EVI
2026-06-15T06:57:57.001714+00:00,valorant,Valorant: Division One vs Team Evictix (BO3) - VCL North America: Stage 3 Group Stage,2026-06-17,BO3,,Division One,Division One,0.52,0.57,97.91,10.51,0.5,0.53,6000.0,400.0,-0.034925,PM_NO_KS_YES,1.01,val-d1-evi-2026-06-17,2532913,17205750166038918841868215088328335711160065419608570370170124721378282723791,KXVALORANTGAME-26JUN171600EVID1,KXVALORANTGAME-26JUN171600EVID1-D1
2026-06-15T06:57:57.001714+00:00,valorant,Valorant: Dynamo Esports vs ROSE (BO3) - VCL North America: Stage 3 Group Stage,2026-06-17,BO3,,ROSE,ROSE,0.39,0.46,24.38,289.0,0.43,0.44,61.0,4476.0,-0.054609,PM_YES_KS_NO,1.03,val-dnm-rose-2026-06-17,2532944,98232763099118278982850310004680682471810988236079281833541104314989951168922,KXVALORANTGAME-26JUN171900ROSEDNM,KXVALORANTGAME-26JUN171900ROSEDNM-ROSE
2026-06-15T06:57:57.001714+00:00,valorant,Valorant: Dynamo Esports vs ROSE (BO3) - VCL North America: Stage 3 Group Stage,2026-06-17,BO3,,Dynamo Esports,Dynamo Esports,0.54,0.61,289.0,24.38,0.58,0.6,1000.0,49.0,-0.054189,PM_YES_KS_NO,1.03,val-dnm-rose-2026-06-17,2532944,82637516397050459696284711896580181064093118996937221443591278634627961470044,KXVALORANTGAME-26JUN171900ROSEDNM,KXVALORANTGAME-26JUN171900ROSEDNM-DNM
2026-06-15T06:57:57.001714+00:00,valorant,Valorant: FlyQuest vs Evil Geniuses Academy (BO3) - VCL North America: Stage 3 Group Stage,2026-06-17,BO3,,FlyQuest,FlyQuest,0.53,0.61,3.28,300.0,0.47,0.51,1200.0,1012.0,-0.004966,PM_NO_KS_YES,0.98,val-fq-ega-2026-06-17,2532931,85641506375351443374316754903095596393956431542530021476136192729362209161956,KXVALORANTGAME-26JUN171900EGAFQ,KXVALORANTGAME-26JUN171900EGAFQ-FQ
2026-06-15T06:57:57.001714+00:00,valorant,Valorant: FlyQuest vs Evil Geniuses Academy (BO3) - VCL North America: Stage 3 Group Stage,2026-06-17,BO3,,Evil Geniuses Academy,Evil Geniuses Academy,0.39,0.47,300.0,3.28,0.49,0.52,1000.0,143.0,-0.004966,PM_YES_KS_NO,0.98,val-fq-ega-2026-06-17,2532931,52066848887040648512507333584866891030951571458000251445153943193660377926390,KXVALORANTGAME-26JUN171900EGAFQ,KXVALORANTGAME-26JUN171900EGAFQ-EGA
2026-06-15T06:57:57.001714+00:00,valorant,Valorant: Shopify Rebellion Black vs Azure Dragon Gaming (BO3) - VCL North America: Stage 3 Group Stage,2026-06-18,BO3,,Shopify Rebellion Black,Shopify Rebellion,0.67,0.76,6.7,46.71,0.69,0.75,114.0,41.0,-0.090445,PM_YES_KS_NO,1.07,val-srb-adg-2026-06-18,2532966,63510251125054244611086887420197456267435439105395952901806265466051203058994,KXVALORANTGAME-26JUN181600ADGSR,KXVALORANTGAME-26JUN181600ADGSR-SR
2026-06-15T06:57:57.001714+00:00,valorant,Valorant: Shopify Rebellion Black vs Azure Dragon Gaming (BO3) - VCL North America: Stage 3 Group Stage,2026-06-18,BO3,,Azure Dragon Gaming,Azure Dragon Gaming,0.24,0.33,46.71,6.7,0.26,0.31,135.0,1213.0,-0.090101,PM_YES_KS_NO,1.07,val-srb-adg-2026-06-18,2532966,94974018179302100929900582297790001065087511197389508421495320675599095223864,KXVALORANTGAME-26JUN181600ADGSR,KXVALORANTGAME-26JUN181600ADGSR-ADG
2026-06-15T06:57:57.001714+00:00,valorant,Valorant: M80 vs SaD Esports (BO3) - VCL North America: Stage 3 Group Stage,2026-06-18,BO3,,SaD Esports,SaD Esports,0.42,0.44,210.71,23.43,0.48,0.51,1000.0,283.0,0.015136,PM_YES_KS_NO,0.96,val-m80-sad-2026-06-18,2532977,50446515128035475060123353144894524978727089028545843385521864521789607831404,KXVALORANTGAME-26JUN181900SADM80,KXVALORANTGAME-26JUN181900SADM80-SAD
2026-06-15T06:57:57.001714+00:00,valorant,Valorant: M80 vs SaD Esports (BO3) - VCL North America: Stage 3 Group Stage,2026-06-18,BO3,,M80,M80,0.56,0.58,23.43,210.71,0.5,0.55,5050.0,2400.0,-0.014717,PM_NO_KS_YES,0.99,val-m80-sad-2026-06-18,2532977,101798538215420603398423067870443356642790097447626818006126220503731706007636,KXVALORANTGAME-26JUN181900SADM80,KXVALORANTGAME-26JUN181900SADM80-M80
2026-06-15T06:57:57.001714+00:00,valorant,Valorant: YFP Gaming vs NRG Academy (BO3) - VCL North America: Stage 3 Group Stage,2026-06-18,BO3,,YFP Gaming,YFP Gaming,0.39,0.48,18.0,159.61,0.42,0.48,1200.0,1424.0,-0.08454,PM_YES_KS_NO,1.06,val-yfp-nrga-2026-06-18,2532988,81304416245561811013614433886151710093409305099207540473327632333530749592006,KXVALORANTGAME-26JUN181900NRGAYFP,KXVALORANTGAME-26JUN181900NRGAYFP-YFP
2026-06-15T06:57:57.001714+00:00,valorant,Valorant: YFP Gaming vs NRG Academy (BO3) - VCL North America: Stage 3 Group Stage,2026-06-18,BO3,,NRG Academy,NRG Academy,0.52,0.61,159.61,18.0,0.54,0.58,1012.0,1400.0,-0.08454,PM_NO_KS_YES,1.06,val-yfp-nrga-2026-06-18,2532988,103967248482070503215260374726643481502542020089953204917344373098103095542059,KXVALORANTGAME-26JUN181900NRGAYFP,KXVALORANTGAME-26JUN181900NRGAYFP-NRGA
2026-06-15T06:57:57.001714+00:00,valorant,Valorant: Nightblood Gaming vs QoR (BO3) - VCL North America: Stage 3 Group Stage,2026-06-18,BO3,,QoR,QoR,0.71,0.76,230.0,0.58,0.82,0.84,1000.0,5000.0,0.044196,PM_YES_KS_NO,0.94,val-nbg-qor-2026-06-18,2532955,95186958885855527835196090219256080745968308759348644254601196115780823617026,KXVALORANTGAME-26JUN181600QORNBG,KXVALORANTGAME-26JUN181600QORNBG-QOR
2026-06-15T06:57:57.001714+00:00,valorant,Valorant: Nightblood Gaming vs QoR (BO3) - VCL North America: Stage 3 Group Stage,2026-06-18,BO3,,Nightblood Gaming,Nightblood Gaming,0.24,0.29,0.58,230.0,0.19,0.2,262.0,1281.0,0.023328,PM_NO_KS_YES,0.96,val-nbg-qor-2026-06-18,2532955,27075137413829891252764907290824846639514797061693409980410408231962909276640,KXVALORANTGAME-26JUN181600QORNBG,KXVALORANTGAME-26JUN181600QORNBG-NBG
