ts_utc,universe,category,match_name,event_date,canonical_event_id,market_type,pm_yes_outcome,ks_yes_outcome,pm_bid,pm_ask,pm_bid_sz,pm_ask_sz,ks_bid,ks_ask,ks_bid_sz,ks_ask_sz,net_edge,best_leg,gross_cost,pm_event_slug,pm_market_id,pm_token_id,ks_event_ticker,ks_market_ticker,match_format,schedule_source
2026-06-15T07:41:20.726388+00:00,valorant,esports,EDWARD Gaming vs Xi Lai Gaming - VALORANT Masters Playoffs,2026-06-15,valorant:115576357311291019,match_winner,XLG Gaming,XLG Gaming,0.41,0.42,497.62,90.49,0.42,0.43,573.02,5689.52,-0.02436,PM_YES_KS_NO,1.0,val-xlg-edg1-2026-06-15,2535360,15794761495501589004854293084569956763257502599396397684022887795552650805606,KXVALORANTGAME-26JUN151000XLGEDG,KXVALORANTGAME-26JUN151000XLGEDG-XLG,BO3,riot_valorantesports_official_ssr
2026-06-15T07:41:20.726388+00:00,valorant,esports,EDWARD Gaming vs Xi Lai Gaming - VALORANT Masters Playoffs,2026-06-15,valorant:115576357311291019,match_winner,EDward Gaming,EDward Gaming,0.58,0.59,90.49,497.62,0.59,0.6,7.0,2408.18,-0.02419,PM_YES_KS_NO,1.0,val-xlg-edg1-2026-06-15,2535360,16030453011560190180805881177595735290587164956106447124019591649988660217282,KXVALORANTGAME-26JUN151000XLGEDG,KXVALORANTGAME-26JUN151000XLGEDG-EDG,BO3,riot_valorantesports_official_ssr
2026-06-15T07:41:20.726388+00:00,valorant,esports,Paper Rex vs Team Vitality - VALORANT Masters Playoffs,2026-06-15,valorant:115576357311291023,match_winner,Team Vitality,Team Vitality,0.36,0.37,5302.48,17110.81,0.36,0.37,150.0,4460.71,-0.033121,PM_YES_KS_NO,1.01,val-pr1-vit-2026-06-15,2522409,79587056499487887794914917219693699781257794004111090408566993084729159747677,KXVALORANTGAME-26JUN151300VITPR,KXVALORANTGAME-26JUN151300VITPR-VIT,BO3,riot_valorantesports_official_ssr
2026-06-15T07:41:20.726388+00:00,valorant,esports,Paper Rex vs Team Vitality - VALORANT Masters Playoffs,2026-06-15,valorant:115576357311291023,match_winner,Paper Rex,Paper Rex,0.63,0.64,17110.81,5302.48,0.64,0.65,383.0,11656.16,-0.02304,PM_YES_KS_NO,1.0,val-pr1-vit-2026-06-15,2522409,47018563047371503645515014320052359783411051192657327874867390480570369197631,KXVALORANTGAME-26JUN151300VITPR,KXVALORANTGAME-26JUN151300VITPR-PR,BO3,riot_valorantesports_official_ssr
2026-06-15T07:41:20.726388+00:00,valorant,esports,Division One vs Team Evictix - Challengers NA Swiss,2026-06-17,valorant:116525810246196830,match_winner,Team Evictix,Team Evictix,0.43,0.48,10.51,97.91,0.45,0.49,1201.0,181.0,-0.054813,PM_YES_KS_NO,1.03,val-d1-evi-2026-06-17,2532913,112064007051959028306960257567554136098085953628318789847135851168292179799242,KXVALORANTGAME-26JUN171600EVID1,KXVALORANTGAME-26JUN171600EVID1-EVI,BO3,riot_valorantesports_official_ssr
2026-06-15T07:41:20.726388+00:00,valorant,esports,Division One vs Team Evictix - Challengers NA Swiss,2026-06-17,valorant:116525810246196830,match_winner,Division One,Division One,0.52,0.57,97.91,10.51,0.5,0.53,6000.0,400.0,-0.034925,PM_NO_KS_YES,1.01,val-d1-evi-2026-06-17,2532913,17205750166038918841868215088328335711160065419608570370170124721378282723791,KXVALORANTGAME-26JUN171600EVID1,KXVALORANTGAME-26JUN171600EVID1-D1,BO3,riot_valorantesports_official_ssr
2026-06-15T07:41:20.726388+00:00,valorant,esports,Pigeons vs Alliance Guardians - Challengers NA Swiss,2026-06-17,valorant:116525810246196834,match_winner,Pigeons,Pigeons,0.5,0.62,5010.0,23.08,0.53,0.57,1012.0,1000.0,-0.094657,PM_NO_KS_YES,1.07,val-ag2-pgs-2026-06-17,2542448,108628501395182177577375430846367362213816264386285947635489713882904462115834,KXVALORANTGAME-26JUN171600PGSAG,KXVALORANTGAME-26JUN171600PGSAG-PGS,BO3,riot_valorantesports_official_ssr
2026-06-15T07:41:20.726388+00:00,valorant,esports,Pigeons vs Alliance Guardians - Challengers NA Swiss,2026-06-17,valorant:116525810246196834,match_winner,Alliance Guardians,Alliance Guardians,0.38,0.5,23.08,5010.0,0.44,0.5,55.0,2402.0,-0.084748,PM_YES_KS_NO,1.06,val-ag2-pgs-2026-06-17,2542448,67366251315756137137352925841837683726523973873382131846217921973777810083954,KXVALORANTGAME-26JUN171600PGSAG,KXVALORANTGAME-26JUN171600PGSAG-AG,BO3,riot_valorantesports_official_ssr
2026-06-15T07:41:20.726388+00:00,valorant,esports,Evil Geniuses Academy vs FlyQuest - Challengers NA Swiss,2026-06-17,valorant:116525810246196838,match_winner,FlyQuest,FlyQuest,0.53,0.61,3.28,300.0,0.47,0.51,1200.0,1012.0,-0.004966,PM_NO_KS_YES,0.98,val-fq-ega-2026-06-17,2532931,85641506375351443374316754903095596393956431542530021476136192729362209161956,KXVALORANTGAME-26JUN171900EGAFQ,KXVALORANTGAME-26JUN171900EGAFQ-FQ,BO3,riot_valorantesports_official_ssr
2026-06-15T07:41:20.726388+00:00,valorant,esports,Evil Geniuses Academy vs FlyQuest - Challengers NA Swiss,2026-06-17,valorant:116525810246196838,match_winner,Evil Geniuses Academy,Evil Geniuses Academy,0.39,0.47,300.0,3.28,0.49,0.52,1000.0,143.0,-0.004966,PM_YES_KS_NO,0.98,val-fq-ega-2026-06-17,2532931,52066848887040648512507333584866891030951571458000251445153943193660377926390,KXVALORANTGAME-26JUN171900EGAFQ,KXVALORANTGAME-26JUN171900EGAFQ-EGA,BO3,riot_valorantesports_official_ssr
2026-06-15T07:41:20.726388+00:00,valorant,esports,Dynamo vs Rise of Scarlet Empire - Challengers NA Swiss,2026-06-17,valorant:116525810246196842,match_winner,ROSE,ROSE,0.39,0.46,24.38,289.0,0.43,0.44,61.0,4277.0,-0.054609,PM_YES_KS_NO,1.03,val-dnm-rose-2026-06-17,2532944,98232763099118278982850310004680682471810988236079281833541104314989951168922,KXVALORANTGAME-26JUN171900ROSEDNM,KXVALORANTGAME-26JUN171900ROSEDNM-ROSE,BO3,riot_valorantesports_official_ssr
2026-06-15T07:41:20.726388+00:00,valorant,esports,Dynamo vs Rise of Scarlet Empire - Challengers NA Swiss,2026-06-17,valorant:116525810246196842,match_winner,Dynamo Esports,Dynamo Esports,0.54,0.61,289.0,24.38,0.58,0.6,1000.0,49.0,-0.054189,PM_YES_KS_NO,1.03,val-dnm-rose-2026-06-17,2532944,82637516397050459696284711896580181064093118996937221443591278634627961470044,KXVALORANTGAME-26JUN171900ROSEDNM,KXVALORANTGAME-26JUN171900ROSEDNM-DNM,BO3,riot_valorantesports_official_ssr
2026-06-15T07:41:20.726388+00:00,valorant,esports,Shopify Rebellion Black vs Azure Dragon Gaming - Challengers NA Swiss,2026-06-18,valorant:116525810246196822,match_winner,Shopify Rebellion Black,Shopify Rebellion,0.67,0.76,6.7,46.71,0.68,0.75,1197.0,400.0,-0.099758,PM_NO_KS_YES,1.08,val-srb-adg-2026-06-18,2532966,63510251125054244611086887420197456267435439105395952901806265466051203058994,KXVALORANTGAME-26JUN181600ADGSR,KXVALORANTGAME-26JUN181600ADGSR-SR,BO3,riot_valorantesports_official_ssr
2026-06-15T07:41:20.726388+00:00,valorant,esports,Shopify Rebellion Black vs Azure Dragon Gaming - Challengers NA Swiss,2026-06-18,valorant:116525810246196822,match_winner,Azure Dragon Gaming,Azure Dragon Gaming,0.24,0.33,46.71,6.7,0.26,0.31,135.0,200.0,-0.090101,PM_YES_KS_NO,1.07,val-srb-adg-2026-06-18,2532966,94974018179302100929900582297790001065087511197389508421495320675599095223864,KXVALORANTGAME-26JUN181600ADGSR,KXVALORANTGAME-26JUN181600ADGSR-ADG,BO3,riot_valorantesports_official_ssr
2026-06-15T07:41:20.726388+00:00,valorant,esports,Nightblood Gaming vs QoR Gaming - Challengers NA Swiss,2026-06-18,valorant:116525810246196818,match_winner,QoR,QoR,0.5,0.83,1000.0,245.05,0.82,0.84,1000.0,5000.0,-0.024565,PM_YES_KS_NO,1.01,val-nbg-qor-2026-06-18,2532955,95186958885855527835196090219256080745968308759348644254601196115780823617026,KXVALORANTGAME-26JUN181600QORNBG,KXVALORANTGAME-26JUN181600QORNBG-QOR,BO3,riot_valorantesports_official_ssr
2026-06-15T07:41:20.726388+00:00,valorant,esports,Nightblood Gaming vs QoR Gaming - Challengers NA Swiss,2026-06-18,valorant:116525810246196818,match_winner,Nightblood Gaming,Nightblood Gaming,0.17,0.5,245.05,1000.0,0.19,0.2,244.0,2456.0,-0.045433,PM_NO_KS_YES,1.03,val-nbg-qor-2026-06-18,2532955,27075137413829891252764907290824846639514797061693409980410408231962909276640,KXVALORANTGAME-26JUN181600QORNBG,KXVALORANTGAME-26JUN181600QORNBG-NBG,BO3,riot_valorantesports_official_ssr
2026-06-15T07:41:20.726388+00:00,valorant,esports,M80 vs SaD Esports - Challengers NA Swiss,2026-06-18,valorant:116525810246196814,match_winner,SaD Esports,SaD Esports,0.42,0.44,210.71,23.43,0.48,0.5,1000.0,100.0,0.015136,PM_YES_KS_NO,0.96,val-m80-sad-2026-06-18,2532977,50446515128035475060123353144894524978727089028545843385521864521789607831404,KXVALORANTGAME-26JUN181900SADM80,KXVALORANTGAME-26JUN181900SADM80-SAD,BO3,riot_valorantesports_official_ssr
2026-06-15T07:41:20.726388+00:00,valorant,esports,M80 vs SaD Esports - Challengers NA Swiss,2026-06-18,valorant:116525810246196814,match_winner,M80,M80,0.56,0.58,23.43,210.71,0.5,0.53,5000.0,400.0,0.005171,PM_NO_KS_YES,0.97,val-m80-sad-2026-06-18,2532977,101798538215420603398423067870443356642790097447626818006126220503731706007636,KXVALORANTGAME-26JUN181900SADM80,KXVALORANTGAME-26JUN181900SADM80-M80,BO3,riot_valorantesports_official_ssr
