ts_utc,source,universe,event_id,title,event_date,market_count,outcomes,is_binary_candidate,skip_binary_arb,reason
2026-06-15T07:41:28.526034+00:00,polymarket,worldcup_soccer,fifwc-bel-egy-2026-06-15,Belgium vs. Egypt,2026-06-15,3,Will Belgium vs. Egypt end in a draw? | Will Egypt win on 2026-06-15? | Will Belgium win on 2026-06-15?,False,True,3-way market includes Tie/draw; binary Yes/No arb formula does not apply.
2026-06-15T07:41:28.526034+00:00,polymarket,worldcup_soccer,fifwc-esp-cvi-2026-06-15,Spain vs. Cabo Verde,2026-06-15,3,Will Spain win on 2026-06-15? | Will Spain vs. Cabo Verde end in a draw? | Will Cabo Verde win on 2026-06-15?,False,True,3-way market includes Tie/draw; binary Yes/No arb formula does not apply.
2026-06-15T07:41:28.526034+00:00,polymarket,worldcup_soccer,fifwc-irn-nzl-2026-06-15,IR Iran vs. New Zealand,2026-06-15,3,Will IR Iran win on 2026-06-15? | Will IR Iran vs. New Zealand end in a draw? | Will New Zealand win on 2026-06-15?,False,True,3-way market includes Tie/draw; binary Yes/No arb formula does not apply.
2026-06-15T07:41:28.526034+00:00,polymarket,worldcup_soccer,fifwc-arg-alg-2026-06-16,Argentina vs. Algeria,2026-06-16,3,Will Argentina vs. Algeria end in a draw? | Will Algeria win on 2026-06-16? | Will Argentina win on 2026-06-16?,False,True,3-way market includes Tie/draw; binary Yes/No arb formula does not apply.
2026-06-15T07:41:28.526034+00:00,polymarket,worldcup_soccer,fifwc-fra-sen-2026-06-16,France vs. Senegal,2026-06-16,3,Will France win on 2026-06-16? | Will Senegal win on 2026-06-16? | Will France vs. Senegal end in a draw?,False,True,3-way market includes Tie/draw; binary Yes/No arb formula does not apply.
2026-06-15T07:41:28.526034+00:00,polymarket,worldcup_soccer,fifwc-eng-hrv-2026-06-17,England vs. Croatia,2026-06-17,3,Will Croatia win on 2026-06-17? | Will England win on 2026-06-17? | Will England vs. Croatia end in a draw?,False,True,3-way market includes Tie/draw; binary Yes/No arb formula does not apply.
2026-06-15T07:41:28.526034+00:00,polymarket,worldcup_soccer,fifwc-gha-pan-2026-06-17,Ghana vs. Panama,2026-06-17,3,Will Ghana win on 2026-06-17? | Will Ghana vs. Panama end in a draw? | Will Panama win on 2026-06-17?,False,True,3-way market includes Tie/draw; binary Yes/No arb formula does not apply.
2026-06-15T07:41:28.526034+00:00,polymarket,worldcup_soccer,fifwc-prt-cdr-2026-06-17,Portugal vs. DR Congo,2026-06-17,3,Will DR Congo win on 2026-06-17? | Will Portugal win on 2026-06-17? | Will Portugal vs. DR Congo end in a draw?,False,True,3-way market includes Tie/draw; binary Yes/No arb formula does not apply.
2026-06-15T07:41:28.526034+00:00,polymarket,worldcup_soccer,fifwc-che-bih-2026-06-18,Switzerland vs. Bosnia-Herzegovina,2026-06-18,3,Will Bosnia and Herzegovina win on 2026-06-18? | Will Switzerland win on 2026-06-18? | Will Switzerland vs. Bosnia and Herzegovina end in a draw?,False,True,3-way market includes Tie/draw; binary Yes/No arb formula does not apply.
2026-06-15T07:41:28.526034+00:00,polymarket,worldcup_soccer,fifwc-cze-rsa-2026-06-18,Czechia vs. South Africa,2026-06-18,3,Will Czechia vs. South Africa end in a draw? | Will Czechia win on 2026-06-18? | Will South Africa win on 2026-06-18?,False,True,3-way market includes Tie/draw; binary Yes/No arb formula does not apply.
2026-06-15T07:41:28.526034+00:00,polymarket,worldcup_soccer,fifwc-mex-kr-2026-06-18,Mexico vs. Korea Republic,2026-06-18,3,Will Mexico vs. Korea Republic end in a draw? | Will Korea Republic win on 2026-06-18? | Will Mexico win on 2026-06-18?,False,True,3-way market includes Tie/draw; binary Yes/No arb formula does not apply.
2026-06-15T07:41:28.526034+00:00,polymarket,worldcup_soccer,fifwc-bra-hai-2026-06-19,Brazil vs. Haiti,2026-06-19,3,Will Brazil win on 2026-06-19? | Will Brazil vs. Haiti end in a draw? | Will Haiti win on 2026-06-19?,False,True,3-way market includes Tie/draw; binary Yes/No arb formula does not apply.
2026-06-15T07:41:28.526034+00:00,polymarket,worldcup_soccer,fifwc-sco-mar-2026-06-19,Scotland vs. Morocco,2026-06-19,3,Will Scotland win on 2026-06-19? | Will Scotland vs. Morocco end in a draw? | Will Morocco win on 2026-06-19?,False,True,3-way market includes Tie/draw; binary Yes/No arb formula does not apply.
2026-06-15T07:41:28.526034+00:00,polymarket,worldcup_soccer,fifwc-tur-par-2026-06-19,Türkiye vs. Paraguay,2026-06-19,3,Will Türkiye vs. Paraguay end in a draw? | Will Paraguay win on 2026-06-19? | Will Türkiye win on 2026-06-19?,False,True,3-way market includes Tie/draw; binary Yes/No arb formula does not apply.
2026-06-15T07:41:28.526034+00:00,polymarket,worldcup_soccer,fifwc-usa-aus-2026-06-19,United States vs. Australia,2026-06-19,3,Will United States vs. Australia end in a draw? | Will Australia win on 2026-06-19? | Will United States win on 2026-06-19?,False,True,3-way market includes Tie/draw; binary Yes/No arb formula does not apply.
2026-06-15T07:41:28.526034+00:00,polymarket,worldcup_soccer,fifwc-ecu-kor-2026-06-20,Ecuador vs. Curaçao,2026-06-20,3,Will Ecuador vs. Curaçao end in a draw? | Will Curaçao win on 2026-06-20? | Will Ecuador win on 2026-06-20?,False,True,3-way market includes Tie/draw; binary Yes/No arb formula does not apply.
2026-06-15T07:41:28.526034+00:00,polymarket,worldcup_soccer,fifwc-ger-civ-2026-06-20,Germany vs. Côte d'Ivoire,2026-06-20,3,Will Germany win on 2026-06-20? | Will Côte d'Ivoire win on 2026-06-20? | Will Germany vs. Côte d'Ivoire end in a draw?,False,True,3-way market includes Tie/draw; binary Yes/No arb formula does not apply.
2026-06-15T07:41:28.526034+00:00,polymarket,worldcup_soccer,fifwc-bel-irn-2026-06-21,Belgium vs. IR Iran,2026-06-21,3,Will IR Iran win on 2026-06-21? | Will Belgium win on 2026-06-21? | Will Belgium vs. IR Iran end in a draw?,False,True,3-way market includes Tie/draw; binary Yes/No arb formula does not apply.
2026-06-15T07:41:28.526034+00:00,polymarket,worldcup_soccer,fifwc-fra-irq-2026-06-22,France vs. Iraq,2026-06-22,3,Will France vs. Iraq end in a draw? | Will Iraq win on 2026-06-22? | Will France win on 2026-06-22?,False,True,3-way market includes Tie/draw; binary Yes/No arb formula does not apply.
2026-06-15T07:41:28.526034+00:00,polymarket,worldcup_soccer,fifwc-jor-alg-2026-06-22,Jordan vs. Algeria,2026-06-22,3,Will Jordan vs. Algeria end in a draw? | Will Jordan win on 2026-06-22? | Will Algeria win on 2026-06-22?,False,True,3-way market includes Tie/draw; binary Yes/No arb formula does not apply.
2026-06-15T07:41:28.526034+00:00,polymarket,worldcup_soccer,fifwc-nor-sen-2026-06-22,Norway vs. Senegal,2026-06-22,3,Will Senegal win on 2026-06-22? | Will Norway win on 2026-06-22? | Will Norway vs. Senegal end in a draw?,False,True,3-way market includes Tie/draw; binary Yes/No arb formula does not apply.
2026-06-15T07:41:28.526034+00:00,polymarket,worldcup_soccer,fifwc-col-cdr-2026-06-23,Colombia vs. DR Congo,2026-06-23,3,Will Colombia vs. DR Congo end in a draw? | Will Colombia win on 2026-06-23? | Will DR Congo win on 2026-06-23?,False,True,3-way market includes Tie/draw; binary Yes/No arb formula does not apply.
2026-06-15T07:41:28.526034+00:00,polymarket,worldcup_soccer,fifwc-eng-gha-2026-06-23,England vs. Ghana,2026-06-23,3,Will England vs. Ghana end in a draw? | Will Ghana win on 2026-06-23? | Will England win on 2026-06-23?,False,True,3-way market includes Tie/draw; binary Yes/No arb formula does not apply.
2026-06-15T07:41:28.526034+00:00,polymarket,worldcup_soccer,fifwc-pan-hrv-2026-06-23,Panama vs. Croatia,2026-06-23,3,Will Croatia win on 2026-06-23? | Will Panama win on 2026-06-23? | Will Panama vs. Croatia end in a draw?,False,True,3-way market includes Tie/draw; binary Yes/No arb formula does not apply.
2026-06-15T07:41:28.526034+00:00,polymarket,worldcup_soccer,fifwc-cze-mex-2026-06-24,Czechia vs. Mexico,2026-06-24,3,Will Czechia win on 2026-06-24? | Will Czechia vs. Mexico end in a draw? | Will Mexico win on 2026-06-24?,False,True,3-way market includes Tie/draw; binary Yes/No arb formula does not apply.
2026-06-15T07:41:28.526034+00:00,polymarket,worldcup_soccer,fifwc-rsa-kr-2026-06-24,South Africa vs. Korea Republic,2026-06-24,3,Will South Africa win on 2026-06-24? | Will South Africa vs. Korea Republic end in a draw? | Will Korea Republic win on 2026-06-24?,False,True,3-way market includes Tie/draw; binary Yes/No arb formula does not apply.
2026-06-15T07:41:28.526034+00:00,polymarket,worldcup_soccer,fifwc-jpn-swe-2026-06-25,Japan vs. Sweden,2026-06-25,3,Will Japan vs. Sweden end in a draw? | Will Japan win on 2026-06-25? | Will Sweden win on 2026-06-25?,False,True,3-way market includes Tie/draw; binary Yes/No arb formula does not apply.
2026-06-15T07:41:28.526034+00:00,polymarket,worldcup_soccer,fifwc-par-aus-2026-06-25,Paraguay vs. Australia,2026-06-25,3,Will Australia win on 2026-06-25? | Will Paraguay win on 2026-06-25? | Will Paraguay vs. Australia end in a draw?,False,True,3-way market includes Tie/draw; binary Yes/No arb formula does not apply.
2026-06-15T07:41:28.526034+00:00,polymarket,worldcup_soccer,fifwc-tur-usa-2026-06-25,Türkiye vs. United States,2026-06-25,3,Will Türkiye vs. United States end in a draw? | Will Türkiye win on 2026-06-25? | Will United States win on 2026-06-25?,False,True,3-way market includes Tie/draw; binary Yes/No arb formula does not apply.
2026-06-15T07:41:28.526034+00:00,polymarket,worldcup_soccer,fifwc-nor-fra-2026-06-26,Norway vs. France,2026-06-26,3,Will Norway win on 2026-06-26? | Will Norway vs. France end in a draw? | Will France win on 2026-06-26?,False,True,3-way market includes Tie/draw; binary Yes/No arb formula does not apply.
2026-06-15T07:41:28.526034+00:00,polymarket,worldcup_soccer,fifwc-ury-esp-2026-06-26,Uruguay vs. Spain,2026-06-26,3,Will Uruguay win on 2026-06-26? | Will Spain win on 2026-06-26? | Will Uruguay vs. Spain end in a draw?,False,True,3-way market includes Tie/draw; binary Yes/No arb formula does not apply.
2026-06-15T07:41:28.526034+00:00,polymarket,worldcup_soccer,fifwc-cdr-uzb-2026-06-27,DR Congo vs. Uzbekistan,2026-06-27,3,Will DR Congo vs. Uzbekistan end in a draw? | Will DR Congo win on 2026-06-27? | Will Uzbekistan win on 2026-06-27?,False,True,3-way market includes Tie/draw; binary Yes/No arb formula does not apply.
2026-06-15T07:41:28.526034+00:00,polymarket,worldcup_soccer,fifwc-col-prt-2026-06-27,Colombia vs. Portugal,2026-06-27,3,Will Colombia vs. Portugal end in a draw? | Will Colombia win on 2026-06-27? | Will Portugal win on 2026-06-27?,False,True,3-way market includes Tie/draw; binary Yes/No arb formula does not apply.
2026-06-15T07:41:28.526034+00:00,polymarket,worldcup_soccer,fifwc-hrv-gha-2026-06-27,Croatia vs. Ghana,2026-06-27,3,Will Croatia win on 2026-06-27? | Will Croatia vs. Ghana end in a draw? | Will Ghana win on 2026-06-27?,False,True,3-way market includes Tie/draw; binary Yes/No arb formula does not apply.
2026-06-15T07:41:28.526034+00:00,polymarket,worldcup_soccer,fifwc-jor-arg-2026-06-27,Jordan vs. Argentina,2026-06-27,3,Will Jordan vs. Argentina end in a draw? | Will Argentina win on 2026-06-27? | Will Jordan win on 2026-06-27?,False,True,3-way market includes Tie/draw; binary Yes/No arb formula does not apply.
2026-06-15T07:41:28.526034+00:00,kalshi,worldcup_soccer,KXWCGAME-26JUN15BELEGY,Belgium vs Egypt,,3,Tie | Egypt | Belgium,False,True,3-way market includes Tie/draw; binary Yes/No arb formula does not apply.
2026-06-15T07:41:28.526034+00:00,kalshi,worldcup_soccer,KXWCGAME-26JUN15ESPCPV,Spain vs Cape Verde,,3,Tie | Spain | Cape Verde,False,True,3-way market includes Tie/draw; binary Yes/No arb formula does not apply.
2026-06-15T07:41:28.526034+00:00,kalshi,worldcup_soccer,KXWCGAME-26JUN15IRINZL,IR Iran vs New Zealand,,3,Tie | New Zealand | IR Iran,False,True,3-way market includes Tie/draw; binary Yes/No arb formula does not apply.
2026-06-15T07:41:28.526034+00:00,kalshi,worldcup_soccer,KXWCGAME-26JUN15KSAURU,Saudi Arabia vs Uruguay,,3,Uruguay | Tie | Saudi Arabia,False,True,3-way market includes Tie/draw; binary Yes/No arb formula does not apply.
2026-06-15T07:41:28.526034+00:00,kalshi,worldcup_soccer,KXWCGAME-26JUN16ARGDZA,Argentina vs Algeria,,3,Tie | Algeria | Argentina,False,True,3-way market includes Tie/draw; binary Yes/No arb formula does not apply.
2026-06-15T07:41:28.526034+00:00,kalshi,worldcup_soccer,KXWCGAME-26JUN16FRASEN,France vs Senegal,,3,Tie | Senegal | France,False,True,3-way market includes Tie/draw; binary Yes/No arb formula does not apply.
2026-06-15T07:41:28.526034+00:00,kalshi,worldcup_soccer,KXWCGAME-26JUN16IRQNOR,Iraq vs Norway,,3,Tie | Norway | Iraq,False,True,3-way market includes Tie/draw; binary Yes/No arb formula does not apply.
2026-06-15T07:41:28.526034+00:00,kalshi,worldcup_soccer,KXWCGAME-26JUN17AUTJOR,Austria vs Jordan,,3,Tie | Jordan | Austria,False,True,3-way market includes Tie/draw; binary Yes/No arb formula does not apply.
2026-06-15T07:41:28.526034+00:00,kalshi,worldcup_soccer,KXWCGAME-26JUN17ENGCRO,England vs Croatia,,3,Tie | England | Croatia,False,True,3-way market includes Tie/draw; binary Yes/No arb formula does not apply.
2026-06-15T07:41:28.526034+00:00,kalshi,worldcup_soccer,KXWCGAME-26JUN17GHAPAN,Ghana vs Panama,,3,Tie | Panama | Ghana,False,True,3-way market includes Tie/draw; binary Yes/No arb formula does not apply.
2026-06-15T07:41:28.526034+00:00,kalshi,worldcup_soccer,KXWCGAME-26JUN17PORCOD,Portugal vs Congo DR,,3,Tie | Portugal | Congo DR,False,True,3-way market includes Tie/draw; binary Yes/No arb formula does not apply.
2026-06-15T07:41:28.526034+00:00,kalshi,worldcup_soccer,KXWCGAME-26JUN17UZBCOL,Uzbekistan vs Colombia,,3,Uzbekistan | Tie | Colombia,False,True,3-way market includes Tie/draw; binary Yes/No arb formula does not apply.
2026-06-15T07:41:28.526034+00:00,kalshi,worldcup_soccer,KXWCGAME-26JUN18CANQAT,Canada vs Qatar,,3,Tie | Qatar | Canada,False,True,3-way market includes Tie/draw; binary Yes/No arb formula does not apply.
2026-06-15T07:41:28.526034+00:00,kalshi,worldcup_soccer,KXWCGAME-26JUN18CZERSA,Czechia vs South Africa,,3,Tie | South Africa | Czechia,False,True,3-way market includes Tie/draw; binary Yes/No arb formula does not apply.
2026-06-15T07:41:28.526034+00:00,kalshi,worldcup_soccer,KXWCGAME-26JUN18MEXKOR,Mexico vs Korea Republic,,3,Tie | Mexico | Korea Republic,False,True,3-way market includes Tie/draw; binary Yes/No arb formula does not apply.
2026-06-15T07:41:28.526034+00:00,kalshi,worldcup_soccer,KXWCGAME-26JUN18SUIBIH,Switzerland vs Bosnia and Herzegovina,,3,Tie | Switzerland | Bosnia and Herzegovina,False,True,3-way market includes Tie/draw; binary Yes/No arb formula does not apply.
2026-06-15T07:41:28.526034+00:00,kalshi,worldcup_soccer,KXWCGAME-26JUN19BRAHTI,Brazil vs Haiti,,3,Tie | Haiti | Brazil,False,True,3-way market includes Tie/draw; binary Yes/No arb formula does not apply.
2026-06-15T07:41:28.526034+00:00,kalshi,worldcup_soccer,KXWCGAME-26JUN19SCOMAR,Scotland vs Morocco,,3,Tie | Scotland | Morocco,False,True,3-way market includes Tie/draw; binary Yes/No arb formula does not apply.
2026-06-15T07:41:28.526034+00:00,kalshi,worldcup_soccer,KXWCGAME-26JUN19TURPAR,Turkiye vs Paraguay,,3,Turkiye | Tie | Paraguay,False,True,3-way market includes Tie/draw; binary Yes/No arb formula does not apply.
2026-06-15T07:41:28.526034+00:00,kalshi,worldcup_soccer,KXWCGAME-26JUN19USAAUS,USA vs Australia,,3,USA | Tie | Australia,False,True,3-way market includes Tie/draw; binary Yes/No arb formula does not apply.
2026-06-15T07:41:28.526034+00:00,kalshi,worldcup_soccer,KXWCGAME-26JUN20ECUCUW,Ecuador vs Curacao,,3,Tie | Ecuador | Curacao,False,True,3-way market includes Tie/draw; binary Yes/No arb formula does not apply.
2026-06-15T07:41:28.526034+00:00,kalshi,worldcup_soccer,KXWCGAME-26JUN20GERCIV,Germany vs Ivory Coast,,3,Tie | Germany | Ivory Coast,False,True,3-way market includes Tie/draw; binary Yes/No arb formula does not apply.
2026-06-15T07:41:28.526034+00:00,kalshi,worldcup_soccer,KXWCGAME-26JUN20NEDSWE,Netherlands vs Sweden,,3,Tie | Sweden | Netherlands,False,True,3-way market includes Tie/draw; binary Yes/No arb formula does not apply.
2026-06-15T07:41:28.526034+00:00,kalshi,worldcup_soccer,KXWCGAME-26JUN21BELIRI,Belgium vs IR Iran,,3,Tie | IR Iran | Belgium,False,True,3-way market includes Tie/draw; binary Yes/No arb formula does not apply.
2026-06-15T07:41:28.526034+00:00,kalshi,worldcup_soccer,KXWCGAME-26JUN21ESPKSA,Spain vs Saudi Arabia,,3,Tie | Saudi Arabia | Spain,False,True,3-way market includes Tie/draw; binary Yes/No arb formula does not apply.
2026-06-15T07:41:28.526034+00:00,kalshi,worldcup_soccer,KXWCGAME-26JUN21NZLEGY,New Zealand vs Egypt,,3,Tie | New Zealand | Egypt,False,True,3-way market includes Tie/draw; binary Yes/No arb formula does not apply.
2026-06-15T07:41:28.526034+00:00,kalshi,worldcup_soccer,KXWCGAME-26JUN21TUNJPN,Tunisia vs Japan,,3,Tunisia | Tie | Japan,False,True,3-way market includes Tie/draw; binary Yes/No arb formula does not apply.
2026-06-15T07:41:28.526034+00:00,kalshi,worldcup_soccer,KXWCGAME-26JUN21URUCPV,Uruguay vs Cape Verde,,3,Uruguay | Tie | Cape Verde,False,True,3-way market includes Tie/draw; binary Yes/No arb formula does not apply.
2026-06-15T07:41:28.526034+00:00,kalshi,worldcup_soccer,KXWCGAME-26JUN22ARGAUT,Argentina vs Austria,,3,Tie | Austria | Argentina,False,True,3-way market includes Tie/draw; binary Yes/No arb formula does not apply.
2026-06-15T07:41:28.526034+00:00,kalshi,worldcup_soccer,KXWCGAME-26JUN22FRAIRQ,France vs Iraq,,3,Tie | Iraq | France,False,True,3-way market includes Tie/draw; binary Yes/No arb formula does not apply.
2026-06-15T07:41:28.526034+00:00,kalshi,worldcup_soccer,KXWCGAME-26JUN22JORDZA,Jordan vs Algeria,,3,Tie | Jordan | Algeria,False,True,3-way market includes Tie/draw; binary Yes/No arb formula does not apply.
2026-06-15T07:41:28.526034+00:00,kalshi,worldcup_soccer,KXWCGAME-26JUN22NORSEN,Norway vs Senegal,,3,Tie | Senegal | Norway,False,True,3-way market includes Tie/draw; binary Yes/No arb formula does not apply.
2026-06-15T07:41:28.526034+00:00,kalshi,worldcup_soccer,KXWCGAME-26JUN23COLCOD,Colombia vs Congo DR,,3,Tie | Colombia | Congo DR,False,True,3-way market includes Tie/draw; binary Yes/No arb formula does not apply.
2026-06-15T07:41:28.526034+00:00,kalshi,worldcup_soccer,KXWCGAME-26JUN23ENGGHA,England vs Ghana,,3,Tie | Ghana | England,False,True,3-way market includes Tie/draw; binary Yes/No arb formula does not apply.
2026-06-15T07:41:28.526034+00:00,kalshi,worldcup_soccer,KXWCGAME-26JUN23PANCRO,Panama vs Croatia,,3,Tie | Panama | Croatia,False,True,3-way market includes Tie/draw; binary Yes/No arb formula does not apply.
2026-06-15T07:41:28.526034+00:00,kalshi,worldcup_soccer,KXWCGAME-26JUN23PORUZB,Portugal vs Uzbekistan,,3,Uzbekistan | Tie | Portugal,False,True,3-way market includes Tie/draw; binary Yes/No arb formula does not apply.
2026-06-15T07:41:28.526034+00:00,kalshi,worldcup_soccer,KXWCGAME-26JUN24BIHQAT,Bosnia and Herzegovina vs Qatar,,3,Tie | Qatar | Bosnia and Herzegovina,False,True,3-way market includes Tie/draw; binary Yes/No arb formula does not apply.
2026-06-15T07:41:28.526034+00:00,kalshi,worldcup_soccer,KXWCGAME-26JUN24CZEMEX,Czechia vs Mexico,,3,Tie | Mexico | Czechia,False,True,3-way market includes Tie/draw; binary Yes/No arb formula does not apply.
2026-06-15T07:41:28.526034+00:00,kalshi,worldcup_soccer,KXWCGAME-26JUN24MARHTI,Morocco vs Haiti,,3,Tie | Morocco | Haiti,False,True,3-way market includes Tie/draw; binary Yes/No arb formula does not apply.
2026-06-15T07:41:28.526034+00:00,kalshi,worldcup_soccer,KXWCGAME-26JUN24RSAKOR,South Africa vs Korea Republic,,3,Tie | South Africa | Korea Republic,False,True,3-way market includes Tie/draw; binary Yes/No arb formula does not apply.
2026-06-15T07:41:28.526034+00:00,kalshi,worldcup_soccer,KXWCGAME-26JUN24SCOBRA,Scotland vs Brazil,,3,Tie | Scotland | Brazil,False,True,3-way market includes Tie/draw; binary Yes/No arb formula does not apply.
2026-06-15T07:41:28.526034+00:00,kalshi,worldcup_soccer,KXWCGAME-26JUN24SUICAN,Switzerland vs Canada,,3,Tie | Switzerland | Canada,False,True,3-way market includes Tie/draw; binary Yes/No arb formula does not apply.
2026-06-15T07:41:28.526034+00:00,kalshi,worldcup_soccer,KXWCGAME-26JUN25CUWCIV,Curacao vs Ivory Coast,,3,Tie | Curacao | Ivory Coast,False,True,3-way market includes Tie/draw; binary Yes/No arb formula does not apply.
2026-06-15T07:41:28.526034+00:00,kalshi,worldcup_soccer,KXWCGAME-26JUN25ECUGER,Ecuador vs Germany,,3,Tie | Germany | Ecuador,False,True,3-way market includes Tie/draw; binary Yes/No arb formula does not apply.
2026-06-15T07:41:28.526034+00:00,kalshi,worldcup_soccer,KXWCGAME-26JUN25JPNSWE,Japan vs Sweden,,3,Tie | Sweden | Japan,False,True,3-way market includes Tie/draw; binary Yes/No arb formula does not apply.
2026-06-15T07:41:28.526034+00:00,kalshi,worldcup_soccer,KXWCGAME-26JUN25PARAUS,Paraguay vs Australia,,3,Tie | Paraguay | Australia,False,True,3-way market includes Tie/draw; binary Yes/No arb formula does not apply.
2026-06-15T07:41:28.526034+00:00,kalshi,worldcup_soccer,KXWCGAME-26JUN25TUNNED,Tunisia vs Netherlands,,3,Tunisia | Tie | Netherlands,False,True,3-way market includes Tie/draw; binary Yes/No arb formula does not apply.
2026-06-15T07:41:28.526034+00:00,kalshi,worldcup_soccer,KXWCGAME-26JUN25TURUSA,Turkiye vs USA,,3,USA | Turkiye | Tie,False,True,3-way market includes Tie/draw; binary Yes/No arb formula does not apply.
2026-06-15T07:41:28.526034+00:00,kalshi,worldcup_soccer,KXWCGAME-26JUN26CPVKSA,Cape Verde vs Saudi Arabia,,3,Tie | Saudi Arabia | Cape Verde,False,True,3-way market includes Tie/draw; binary Yes/No arb formula does not apply.
2026-06-15T07:41:28.526034+00:00,kalshi,worldcup_soccer,KXWCGAME-26JUN26EGYIRI,Egypt vs IR Iran,,3,Tie | IR Iran | Egypt,False,True,3-way market includes Tie/draw; binary Yes/No arb formula does not apply.
2026-06-15T07:41:28.526034+00:00,kalshi,worldcup_soccer,KXWCGAME-26JUN26NORFRA,Norway vs France,,3,Tie | Norway | France,False,True,3-way market includes Tie/draw; binary Yes/No arb formula does not apply.
2026-06-15T07:41:28.526034+00:00,kalshi,worldcup_soccer,KXWCGAME-26JUN26NZLBEL,New Zealand vs Belgium,,3,Tie | New Zealand | Belgium,False,True,3-way market includes Tie/draw; binary Yes/No arb formula does not apply.
2026-06-15T07:41:28.526034+00:00,kalshi,worldcup_soccer,KXWCGAME-26JUN26SENIRQ,Senegal vs Iraq,,3,Tie | Senegal | Iraq,False,True,3-way market includes Tie/draw; binary Yes/No arb formula does not apply.
2026-06-15T07:41:28.526034+00:00,kalshi,worldcup_soccer,KXWCGAME-26JUN26URUESP,Uruguay vs Spain,,3,Uruguay | Tie | Spain,False,True,3-way market includes Tie/draw; binary Yes/No arb formula does not apply.
2026-06-15T07:41:28.526034+00:00,kalshi,worldcup_soccer,KXWCGAME-26JUN27CODUZB,Congo DR vs Uzbekistan,,3,Uzbekistan | Tie | Congo DR,False,True,3-way market includes Tie/draw; binary Yes/No arb formula does not apply.
2026-06-15T07:41:28.526034+00:00,kalshi,worldcup_soccer,KXWCGAME-26JUN27COLPOR,Colombia vs Portugal,,3,Tie | Portugal | Colombia,False,True,3-way market includes Tie/draw; binary Yes/No arb formula does not apply.
2026-06-15T07:41:28.526034+00:00,kalshi,worldcup_soccer,KXWCGAME-26JUN27CROGHA,Croatia vs Ghana,,3,Tie | Ghana | Croatia,False,True,3-way market includes Tie/draw; binary Yes/No arb formula does not apply.
2026-06-15T07:41:28.526034+00:00,kalshi,worldcup_soccer,KXWCGAME-26JUN27DZAAUT,Algeria vs Austria,,3,Tie | Algeria | Austria,False,True,3-way market includes Tie/draw; binary Yes/No arb formula does not apply.
2026-06-15T07:41:28.526034+00:00,kalshi,worldcup_soccer,KXWCGAME-26JUN27JORARG,Jordan vs Argentina,,3,Tie | Jordan | Argentina,False,True,3-way market includes Tie/draw; binary Yes/No arb formula does not apply.
2026-06-15T07:41:28.526034+00:00,kalshi,worldcup_soccer,KXWCGAME-26JUN27PANENG,Panama vs England,,3,Tie | Panama | England,False,True,3-way market includes Tie/draw; binary Yes/No arb formula does not apply.
